{"cameraMode":{"drawMode":0,"name":"Shaded","section":"Shading Mode"},"sceneLighting":false,"audioPlay":false,"sceneViewState":{"showFog":true,"showMaterialUpdate":false,"showSkybox":false,"showFlares":true,"showImageEffects":true,"showParticleSystems":true},"in2DMode":false,"pivot":{"x":-0.6347975134849548,"y":3.8242850303649904,"z":0.5813984870910645},"rotation":{"x":0.03623323515057564,"y":-0.06142602488398552,"z":0.0022317797411233188,"w":0.9974545240402222},"size":6.441659927368164,"orthographic":false}