{"cameraMode":{"drawMode":0,"name":"Shaded","section":"Shading Mode"},"sceneLighting":false,"audioPlay":false,"sceneViewState":{"showFog":true,"showMaterialUpdate":false,"showSkybox":false,"showFlares":true,"showImageEffects":true,"showParticleSystems":true},"in2DMode":false,"pivot":{"x":2.4289746284484865,"y":2.044196605682373,"z":-2.2093312740325929},"rotation":{"x":-0.01656927540898323,"y":-0.9508683085441589,"z":0.051692184060811999,"w":-0.304808109998703},"size":6.389345169067383,"orthographic":false}